"0","InCon95 <- confint(modelo, level = .95)"
"0","InCon95"
"1","           "
"1","         2.5 %"
"1","       97.5 %"
"1","
(Intercept)"
"1"," -2.800187e+01"
"1"," -0.738564670"
"1","
X2         "
"1"," -7.674257e-02"
"1","  0.717831400"
"1","
X3         "
"1"," -1.118147e-01"
"1","  0.197211895"
"1","
X4         "
"1"," -1.435259e-02"
"1","  0.004135406"
"1","
X5         "
"1"," -8.382462e-04"
"1","  0.007836930"
"1","
"
