"0","InCon95. <- confint(modelo2, level = .95)"
"0","InCon95."
"1","           "
"1","        2.5 %"
"1","       97.5 %"
"1","
(Intercept)"
"1","  4.071651618"
"1","  5.072302904"
"1","
logX2      "
"1","  0.108823988"
"1","  0.266749951"
"1","
logX3      "
"1","  0.002726994"
"1","  0.197016340"
"1","
X4_        "
"1"," -0.006366816"
"1","  0.001944958"
"1","
X5_        "
"1","  0.006168036"
"1","  0.028039009"
"1","
X6_        "
"1"," -0.015825379"
"1"," -0.002650009"
"1","
"
